<?xml version = '1.0' encoding = 'UTF-8'?>
<FKIndexAssociation class="oracle.dbtools.crest.model.design.relational.FKIndexAssociation" directorySegmentName="seg_0" id="A5C4CD6E-AEC8-FC4C-39F0-A418A12B1B5F" containerWithKeyObject="9C4635AF-C350-8F56-181D-D607E0ED96CB" localFKIndex="6B227561-ECA3-7609-EF74-C6ACDB121FDA" name="vectors_domain_FK">
<createdBy>ody</createdBy>
<createdTime>2021-03-25 03:48:38 UTC</createdTime>
<ownerDesignName>vectors</ownerDesignName>
<referredTableLongName>s_domain</referredTableLongName>
<deleteRule>NO ACTION</deleteRule>
<referredTableID>895C66FF-52A6-CA3B-7143-E5DD1FE15D6B</referredTableID>
<keyObject>97C5A751-D547-6ADD-0293-89D52C51903B</keyObject>
<referredKeyID>97C5A751-D547-6ADD-0293-89D52C51903B</referredKeyID>
<mandatory>true</mandatory>
<refColNames>did</refColNames>
<transferable>true</transferable>
<rely>false</rely>
<columnDependencyConstraintGenerateInDDL>true</columnDependencyConstraintGenerateInDDL>
</FKIndexAssociation>