<?xml version = '1.0' encoding = 'UTF-8'?>
<BIDocument class="oracle.dbtools.crest.model.businessinfo.BIDocument" name="sqlite" directorySegmentName="seg_0" id="0F0A4D3F-3FF1-B6C5-EF6B-F3BFA2331843">
<createdBy>ody</createdBy>
<createdTime>2021-03-25 06:10:53 UTC</createdTime>
<comment><![CDATA[CREATE TABLE s_domain (
    did      TEXT PRIMARY KEY,
    cate     TEXT,
    subcate  TEXT,
    label    TEXT NOT NULL,
    remarks  TEXT
);
]]></comment>
<ownerDesignName>vectors</ownerDesignName>
</BIDocument>