<?xml version = '1.0' encoding = 'UTF-8'?>
<Table class="oracle.dbtools.crest.model.design.relational.Table" directorySegmentName="seg_0" id="9C4635AF-C350-8F56-181D-D607E0ED96CB" name="vector">
<createdBy>ody</createdBy>
<createdTime>2021-03-25 03:32:51 UTC</createdTime>
<ownerDesignName>vectors</ownerDesignName>
<ordsAlias>table_1</ordsAlias>
<allowColumnReorder>false</allowColumnReorder>
<existDependencyGenerateInDDl>true</existDependencyGenerateInDDl>
<parsed>true</parsed>
<columns itemClass="oracle.dbtools.crest.model.design.relational.Column">
<Column name="vid" id="9FE4CE31-3455-ACA7-8FFE-A7873003C93C">
<createdBy>ody</createdBy>
<createdTime>2021-03-25 03:45:11 UTC</createdTime>
<ownerDesignName>vectors</ownerDesignName>
<useDomainConstraints>false</useDomainConstraints>
<use>1</use>
<logicalDatatype>LOGDT024</logicalDatatype>
<dataTypeSize>12</dataTypeSize>
<ownDataTypeParameters>12,,</ownDataTypeParameters>
<autoIncrementCycle>false</autoIncrementCycle>
</Column>
<Column name="val" id="FF497461-4F2E-1462-9587-900C13FD139C">
<createdBy>ody</createdBy>
<createdTime>2021-03-25 03:45:11 UTC</createdTime>
<ownerDesignName>vectors</ownerDesignName>
<nullsAllowed>true</nullsAllowed>
<useDomainConstraints>false</useDomainConstraints>
<use>1</use>
<logicalDatatype>LOGDT024</logicalDatatype>
<dataTypeSize>1000</dataTypeSize>
<ownDataTypeParameters>1000,,</ownDataTypeParameters>
<autoIncrementCycle>false</autoIncrementCycle>
</Column>
<Column name="dim1" id="26D03900-06F9-20AE-E1A6-AB49E4C1E4F2">
<createdBy>ody</createdBy>
<createdTime>2021-03-25 03:46:04 UTC</createdTime>
<ownerDesignName>vectors</ownerDesignName>
<useDomainConstraints>false</useDomainConstraints>
<use>1</use>
<logicalDatatype>LOGDT024</logicalDatatype>
<dataTypeSize>12</dataTypeSize>
<ownDataTypeParameters>,,</ownDataTypeParameters>
<autoIncrementCycle>false</autoIncrementCycle>
<associations>
<colAssociation fkAssociation="A5C4CD6E-AEC8-FC4C-39F0-A418A12B1B5F" referredColumn="1D441A80-1605-F390-458B-18FB908E61A8"/>
</associations>
</Column>
<Column name="dim2" id="EF40E2DE-AC0A-DB3D-3E9A-868DEB6F6B1F">
<createdBy>ody</createdBy>
<createdTime>2021-03-25 03:47:39 UTC</createdTime>
<ownerDesignName>vectors</ownerDesignName>
<nullsAllowed>true</nullsAllowed>
<useDomainConstraints>false</useDomainConstraints>
<use>1</use>
<logicalDatatype>LOGDT024</logicalDatatype>
<dataTypeSize>12</dataTypeSize>
<ownDataTypeParameters>12,,</ownDataTypeParameters>
<autoIncrementCycle>false</autoIncrementCycle>
</Column>
<Column name="dim3" id="B407090C-41F9-C7B9-B34D-9348B179E338">
<createdBy>ody</createdBy>
<createdTime>2021-03-25 05:45:00 UTC</createdTime>
<ownerDesignName>vectors</ownerDesignName>
<nullsAllowed>true</nullsAllowed>
<useDomainConstraints>false</useDomainConstraints>
<use>1</use>
<logicalDatatype>LOGDT024</logicalDatatype>
<dataTypeSize>12</dataTypeSize>
<ownDataTypeParameters>12,,</ownDataTypeParameters>
<autoIncrementCycle>false</autoIncrementCycle>
</Column>
<Column name="dim4" id="47BFF875-759C-9F4F-F673-A95310E7DBCE">
<createdBy>ody</createdBy>
<createdTime>2021-03-25 05:45:00 UTC</createdTime>
<ownerDesignName>vectors</ownerDesignName>
<nullsAllowed>true</nullsAllowed>
<useDomainConstraints>false</useDomainConstraints>
<use>1</use>
<logicalDatatype>LOGDT024</logicalDatatype>
<dataTypeSize>12</dataTypeSize>
<ownDataTypeParameters>12,,</ownDataTypeParameters>
<autoIncrementCycle>false</autoIncrementCycle>
</Column>
<Column name="dim5" id="2C8721E6-F097-3BA7-5613-07C6CFC113A1">
<createdBy>ody</createdBy>
<createdTime>2021-03-25 05:45:00 UTC</createdTime>
<ownerDesignName>vectors</ownerDesignName>
<nullsAllowed>true</nullsAllowed>
<useDomainConstraints>false</useDomainConstraints>
<use>1</use>
<logicalDatatype>LOGDT024</logicalDatatype>
<dataTypeSize>12</dataTypeSize>
<ownDataTypeParameters>12,,</ownDataTypeParameters>
<autoIncrementCycle>false</autoIncrementCycle>
</Column>
<Column name="dim6" id="718C5505-3130-5A99-240E-245B2634B3F1">
<createdBy>ody</createdBy>
<createdTime>2021-03-25 05:45:00 UTC</createdTime>
<ownerDesignName>vectors</ownerDesignName>
<nullsAllowed>true</nullsAllowed>
<useDomainConstraints>false</useDomainConstraints>
<use>1</use>
<logicalDatatype>LOGDT024</logicalDatatype>
<dataTypeSize>12</dataTypeSize>
<ownDataTypeParameters>12,,</ownDataTypeParameters>
<autoIncrementCycle>false</autoIncrementCycle>
</Column>
<Column name="dim7" id="D96353D3-30E7-8B2F-F34E-A46468016A96">
<createdBy>ody</createdBy>
<createdTime>2021-03-25 05:45:00 UTC</createdTime>
<ownerDesignName>vectors</ownerDesignName>
<nullsAllowed>true</nullsAllowed>
<useDomainConstraints>false</useDomainConstraints>
<use>1</use>
<logicalDatatype>LOGDT024</logicalDatatype>
<dataTypeSize>12</dataTypeSize>
<ownDataTypeParameters>12,,</ownDataTypeParameters>
<autoIncrementCycle>false</autoIncrementCycle>
</Column>
<Column name="dim8" id="592A340C-2830-193E-2AB0-F2F167AC3291">
<createdBy>ody</createdBy>
<createdTime>2021-03-25 05:45:00 UTC</createdTime>
<ownerDesignName>vectors</ownerDesignName>
<nullsAllowed>true</nullsAllowed>
<useDomainConstraints>false</useDomainConstraints>
<use>1</use>
<logicalDatatype>LOGDT024</logicalDatatype>
<dataTypeSize>12</dataTypeSize>
<ownDataTypeParameters>12,,</ownDataTypeParameters>
<autoIncrementCycle>false</autoIncrementCycle>
</Column>
</columns>
<indexes itemClass="oracle.dbtools.crest.model.design.relational.Index">
<ind_PK_UK id="5B4F7CC4-648C-C34D-9374-B8532C08B15F" name="vectors_PK">
<createdBy>ody</createdBy>
<createdTime>2021-03-25 03:47:29 UTC</createdTime>
<ownerDesignName>vectors</ownerDesignName>
<pk>true</pk>
<indexState>Primary Constraint</indexState>
<isSurrogateKey>false</isSurrogateKey>
<indexColumnUsage>
<colUsage columnID="9FE4CE31-3455-ACA7-8FFE-A7873003C93C"/>
</indexColumnUsage>
</ind_PK_UK>
<ind_PK_UK id="6B227561-ECA3-7609-EF74-C6ACDB121FDA" name="vectors_domain_FK">
<createdBy>ody</createdBy>
<createdTime>2021-03-25 03:48:38 UTC</createdTime>
<ownerDesignName>vectors</ownerDesignName>
<indexState>Foreign Key</indexState>
<isSurrogateKey>false</isSurrogateKey>
<indexColumnUsage>
<colUsage columnID="26D03900-06F9-20AE-E1A6-AB49E4C1E4F2"/>
</indexColumnUsage>
</ind_PK_UK>
</indexes>
</Table>
